{"name":"c5b56fa8-7efb-4775-afd8-ecf6c3dd3c43","id":"/providers/Microsoft.Flow/flows/c5b56fa8-7efb-4775-afd8-ecf6c3dd3c43","type":"Microsoft.Flow/flows","properties":{"apiId":"/providers/Microsoft.PowerApps/apis/shared_logicflows","displayName":"RescheduleFocusTimeCalendarEvent","definition":{"metadata":{"workflowEntityId":null,"flowclientsuspensionreason":"None","flowclientsuspensiontime":null,"creator":{"id":"29b31466-2ca9-4b06-b017-3dd3d2684ab1","type":"User","tenantId":"682684d9-d749-4ec4-b69b-cba80e49417e"},"provisioningMethod":"FromDefinition","failureAlertSubscription":true,"clientLastModifiedTime":"2020-11-24T02:56:29.7827559Z"},"$schema":"https://schema.management.azure.com/providers/Microsoft.Logic/schemas/2016-06-01/workflowdefinition.json#","contentVersion":"1.0.0.0","parameters":{"$connections":{"defaultValue":{},"type":"Object"},"$authentication":{"defaultValue":{},"type":"SecureObject"}},"triggers":{"manual":{"type":"Request","kind":"PowerApp","inputs":{"schema":{"type":"object","properties":{},"required":[]}}}},"actions":{"Get_events_(V4)":{"runAfter":{},"metadata":{"flowSystemMetadata":{"swaggerOperationId":"V4CalendarGetItems"}},"type":"ApiConnection","inputs":{"host":{"connection":{"name":"@json(decodeBase64(triggerOutputs().headers['X-MS-APIM-Tokens']))['$connections']['shared_office365']['connectionId']"},"api":{"runtimeUrl":"https://australia-001.azure-apim.net/apim/office365"}},"method":"get","path":"/datasets/calendars/v4/tables/@{encodeURIComponent(encodeURIComponent('AAMkAGJkZTM2ZTI2LWQ4MjUtNGZkMC1iOWEwLTBiN2M4ZTBkMTFlOQBGAAAAAAAlJaxqDv4NSJNfyZ39Yy7SBwAyHdJs8DVJSqPLnYnmePkOAAAAAAEGAAAyHdJs8DVJSqPLnYnmePkOAAAAABTzAAA='))}/items","queries":{"$filter":"Subject eq 'Focus time'","$top":1},"authentication":{"type":"Raw","value":"@json(decodeBase64(triggerOutputs().headers['X-MS-APIM-Tokens']))['$ConnectionKey']"}}},"Current_time":{"runAfter":{"Get_events_(V4)":["Succeeded"]},"type":"Expression","kind":"CurrentTime","inputs":{}},"Get_future_time":{"runAfter":{"Current_time":["Succeeded"]},"type":"Expression","kind":"GetFutureTime","inputs":{"interval":25,"timeUnit":"Minute"}},"Apply_to_each":{"foreach":"@body('Get_events_(V4)')?['value']","actions":{"Update_event_(V4)":{"runAfter":{},"metadata":{"flowSystemMetadata":{"swaggerOperationId":"V4CalendarPatchItem"}},"type":"ApiConnection","inputs":{"host":{"connection":{"name":"@json(decodeBase64(triggerOutputs().headers['X-MS-APIM-Tokens']))['$connections']['shared_office365']['connectionId']"},"api":{"runtimeUrl":"https://australia-001.azure-apim.net/apim/office365"}},"method":"patch","body":{"subject":"@items('Apply_to_each')?['subject']","start":"@body('Current_time')","end":"@body('Get_future_time')","timeZone":"(UTC+10:00) Canberra, Melbourne, Sydney"},"path":"/datasets/calendars/v4/tables/@{encodeURIComponent(encodeURIComponent('AAMkAGJkZTM2ZTI2LWQ4MjUtNGZkMC1iOWEwLTBiN2M4ZTBkMTFlOQBGAAAAAAAlJaxqDv4NSJNfyZ39Yy7SBwAyHdJs8DVJSqPLnYnmePkOAAAAAAEGAAAyHdJs8DVJSqPLnYnmePkOAAAAABTzAAA='))}/items/@{encodeURIComponent(encodeURIComponent(items('Apply_to_each')?['id']))}","authentication":{"type":"Raw","value":"@json(decodeBase64(triggerOutputs().headers['X-MS-APIM-Tokens']))['$ConnectionKey']"}}}},"runAfter":{"Get_future_time":["Succeeded"]},"type":"Foreach"}},"outputs":{},"description":"This flow is triggered web request with two variables, duration and secret. Secret is used to make sure you have the proper access to run the flow and duration is the length of your focus time.\n\nthen it reschedules an existing 'Focus time' calendar event in your calendar to match the date and time you have set which is now and the duration of minutes from now #personal"},"connectionReferences":{"shared_office365":{"connectionName":"b007e2fdf5764565913f93fececf6a1a","source":"Invoker","id":"/providers/Microsoft.PowerApps/apis/shared_office365","tier":"NotSpecified"}},"flowFailureAlertSubscribed":false}}