{"name":"7a051687-57ca-4a9f-96c3-49b6458f681f","id":"/providers/Microsoft.Flow/flows/7a051687-57ca-4a9f-96c3-49b6458f681f","type":"Microsoft.Flow/flows","properties":{"apiId":"/providers/Microsoft.PowerApps/apis/shared_logicflows","displayName":"CancelFocusTimeCalendarEvent","definition":{"metadata":{"workflowEntityId":null,"flowclientsuspensionreason":"None","flowclientsuspensiontime":null,"creator":{"id":"29b31466-2ca9-4b06-b017-3dd3d2684ab1","type":"User","tenantId":"682684d9-d749-4ec4-b69b-cba80e49417e"},"provisioningMethod":"FromDefinition","failureAlertSubscription":true,"clientLastModifiedTime":"2020-08-17T23:19:22.6597178Z"},"$schema":"https://schema.management.azure.com/providers/Microsoft.Logic/schemas/2016-06-01/workflowdefinition.json#","contentVersion":"1.0.0.0","parameters":{"$connections":{"defaultValue":{},"type":"Object"},"$authentication":{"defaultValue":{},"type":"SecureObject"}},"triggers":{"manual":{"type":"Request","kind":"PowerApp","inputs":{"schema":{"type":"object","properties":{},"required":[]}}}},"actions":{"Get_events_(V4)":{"runAfter":{"Get_future_time":["Succeeded"]},"type":"OpenApiConnection","inputs":{"host":{"apiId":"/providers/Microsoft.PowerApps/apis/shared_office365","connectionName":"shared_office365","operationId":"V4CalendarGetItems"},"parameters":{"table":"AAMkAGJkZTM2ZTI2LWQ4MjUtNGZkMC1iOWEwLTBiN2M4ZTBkMTFlOQBGAAAAAAAlJaxqDv4NSJNfyZ39Yy7SBwAyHdJs8DVJSqPLnYnmePkOAAAAAAEGAAAyHdJs8DVJSqPLnYnmePkOAAAAABTzAAA=","$filter":"Subject eq 'Focus time'"},"authentication":{"value":"@json(decodeBase64(triggerOutputs().headers['X-MS-APIM-Tokens']))['$ConnectionKey']","type":"Raw"}}},"Apply_to_each":{"foreach":"@outputs('Get_events_(V4)')?['body/value']","actions":{"Condition":{"actions":{"Delete_event_(V2)":{"runAfter":{},"type":"OpenApiConnection","inputs":{"host":{"apiId":"/providers/Microsoft.PowerApps/apis/shared_office365","connectionName":"shared_office365","operationId":"CalendarDeleteItem_V2"},"parameters":{"calendar":"AAMkAGJkZTM2ZTI2LWQ4MjUtNGZkMC1iOWEwLTBiN2M4ZTBkMTFlOQBGAAAAAAAlJaxqDv4NSJNfyZ39Yy7SBwAyHdJs8DVJSqPLnYnmePkOAAAAAAEGAAAyHdJs8DVJSqPLnYnmePkOAAAAABTzAAA=","event":"@items('Apply_to_each')?['id']"},"authentication":{"value":"@json(decodeBase64(triggerOutputs().headers['X-MS-APIM-Tokens']))['$ConnectionKey']","type":"Raw"}}}},"runAfter":{},"expression":{"and":[{"greater":["@items('Apply_to_each')?['start']","@body('Get_past_time')"]},{"less":["@items('Apply_to_each')?['end']","@body('Get_future_time')"]}]},"type":"If"}},"runAfter":{"Get_events_(V4)":["Succeeded"]},"type":"Foreach","runtimeConfiguration":{"concurrency":{"repetitions":50}}},"Get_past_time":{"runAfter":{},"type":"Expression","kind":"GetPastTime","inputs":{"interval":25,"timeUnit":"Minute"}},"Get_future_time":{"runAfter":{"Get_past_time":["Succeeded"]},"type":"Expression","kind":"GetFutureTime","inputs":{"interval":25,"timeUnit":"Minute"}}}},"connectionReferences":{"shared_office365":{"connectionName":"b007e2fdf5764565913f93fececf6a1a","source":"Invoker","id":"/providers/Microsoft.PowerApps/apis/shared_office365","tier":"NotSpecified"}},"flowFailureAlertSubscribed":false}}