{"schemaVersion":"1.0","appDefinitionTemplate":{"id":"/providers/Microsoft.PowerApps/apps/","type":"Microsoft.PowerApps/apps","tags":{"minimumRequiredApiVersion":"2.2.0","sienaVersion":"20201019T223350Z-3.20101.20.0","primaryDeviceWidth":"1366","primaryDeviceHeight":"768","deviceCapabilities":"","supportsPortrait":"false","supportsLandscape":"true","primaryFormFactor":"Tablet","publisherVersion":"3.20101.20","hasComponent":"false","hasUnlockedComponent":"false","isUnifiedRootApp":"false"},"properties":{"appVersion":"2020-10-19T22:33:50Z","lifeCycleId":"Published","createdByClientVersion":{"major":3,"minor":20101,"build":20,"revision":0,"majorRevision":0,"minorRevision":0},"minClientVersion":{"major":3,"minor":20101,"build":20,"revision":0,"majorRevision":0,"minorRevision":0},"backgroundColor":"rgba(0, 176, 240, 1)","backgroundImageUri":"/15224540097919701965/N4790db97-c54c-4848-a353-8f1767e84396-logoSmallFile","displayName":"My Day Today","description":"Displays a combination of your calendar appointments for the day, as well as tasks due today - updated every 5 minutes.\nAlso includes a 25-minute Pomodoro timer that uses Focus Time in MyAnalytics to set your Microsoft Teams presence and your Windows 10 notifications.","commitMessage":"Updated description","appUris":{"documentUri":{"value":"/15224540097919701965/N38477953-a889-4cd4-a16a-bbfa07d747e6-document.msapp","readonlyValue":"/15224540097919701965/N38477953-a889-4cd4-a16a-bbfa07d747e6-document.msapp"},"imageUris":[]},"createdTime":"0001-01-01T00:00:00Z","lastModifiedTime":"0001-01-01T00:00:00Z","sharedGroupsCount":0,"sharedUsersCount":0,"icons":{"smallIconUri":"/15224540097919701965/N4e4d6524-7c8f-4b37-b62d-5fef3e83d4e8-small.png","mediumIconUri":"/15224540097919701965/N24665ad8-1981-4574-b3ac-318c245eea29-medium.png","largeIconUri":"/15224540097919701965/N3f25274b-3050-4709-96a1-547b8932f08d-large.png","wideIconUri":"/15224540097919701965/Nd84409bd-1376-4082-a46c-8005af92e32a-wide.png"},"connectionReferences":{"7e0456f3-4d0a-4109-a213-a36b81eedb19":{"id":"5eb9c714-1563-4b82-aac8-f33d73309fd4","displayName":"Office 365 Outlook","iconUri":"https://connectoricons-prod.azureedge.net/releases/v1.0.1404/1.0.1404.2172/office365/icon.png","dataSources":["Office365"],"dependencies":[],"dependents":[],"parameterHints":{},"isOnPremiseConnection":false,"bypassConsent":false,"dataSets":{},"apiTier":"Standard","isCustomApiConnection":false},"e3995831-d68c-40e4-88a3-3bb534077dcb":{"id":"ef718284-1293-4ea7-9213-bdbcf656238b","displayName":"Outlook Tasks","iconUri":"https://connectoricons-prod.azureedge.net/releases/v1.0.1402/1.0.1402.2163/outlooktasks/icon.png","dataSources":["OutlookTasks"],"dependencies":[],"dependents":[],"parameterHints":{},"isOnPremiseConnection":false,"bypassConsent":false,"dataSets":{},"apiTier":"Standard","isCustomApiConnection":false},"4fd13709-5953-4430-a0f3-7d3d5b7a6cfc":{"id":"358e9925-913d-48c5-b7ab-672b2e1ef649","displayName":"RSS","iconUri":"https://connectoricons-prod.azureedge.net/releases/v1.0.1403/1.0.1403.2163/rss/icon.png","dataSources":["RSS"],"dependencies":[],"dependents":[],"parameterHints":{},"isOnPremiseConnection":false,"bypassConsent":false,"dataSets":{},"apiTier":"Standard","isCustomApiConnection":false},"8cebeb0c-cd18-4e37-a03b-b6b7404eefca":{"id":"9a07abdb-46a5-4bdf-b019-c81885b03cf5","displayName":"Logic flows","iconUri":"https://resourcestackdeploy.blob.core.windows.net/scripts/13276078.png","dataSources":["RescheduleFocusTimeCalendarEvent"],"dependencies":["739ba1d3-b6be-4bc3-bc37-215a3fd761b5"],"dependents":[],"parameterHints":{"workflowName":{"value":"c767aa1f-82c8-44f0-b79e-2a1845a7da83"},"739ba1d3-b6be-4bc3-bc37-215a3fd761b5":{"value":"shared_office365"}},"isOnPremiseConnection":false,"bypassConsent":false,"dataSets":{},"apiTier":"Standard","isCustomApiConnection":false},"739ba1d3-b6be-4bc3-bc37-215a3fd761b5":{"id":"5eb9c714-1563-4b82-aac8-f33d73309fd4","displayName":"Office 365 Outlook","iconUri":"https://connectoricons-prod.azureedge.net/releases/v1.0.1404/1.0.1404.2172/office365/icon.png","dataSources":[],"dependencies":[],"dependents":["8cebeb0c-cd18-4e37-a03b-b6b7404eefca","8d382649-40c5-461d-ad55-5af7bcb9c1b1"],"parameterHints":{},"isOnPremiseConnection":false,"bypassConsent":false,"dataSets":{},"apiTier":"Standard","isCustomApiConnection":false},"8d382649-40c5-461d-ad55-5af7bcb9c1b1":{"id":"9a07abdb-46a5-4bdf-b019-c81885b03cf5","displayName":"Logic flows","iconUri":"https://resourcestackdeploy.blob.core.windows.net/scripts/13276078.png","dataSources":["CancelFocusTimeCalendarEvent"],"dependencies":["739ba1d3-b6be-4bc3-bc37-215a3fd761b5"],"dependents":[],"parameterHints":{"workflowName":{"value":"8e5213c8-8bb1-4116-90b4-17a6919f046b"},"739ba1d3-b6be-4bc3-bc37-215a3fd761b5":{"value":"shared_office365"}},"isOnPremiseConnection":false,"bypassConsent":false,"dataSets":{},"apiTier":"Standard","isCustomApiConnection":false}},"databaseReferences":{},"almMode":"Environment","performanceOptimizationEnabled":false,"executionRestrictions":{"isTeamsOnly":false,"dataLossPreventionEvaluationResult":{"status":"Compliant","lastEvaluationDate":"2020-10-19T22:34:05.1259229Z","violationDetails":[]}}},"isAppComponentLibrary":false,"appType":"ClassicCanvasApp","appComponents":[]}}