{"schemaVersion":"1.0","appDefinitionTemplate":{"id":"/providers/Microsoft.PowerApps/apps/","type":"Microsoft.PowerApps/apps","tags":{"minimumRequiredApiVersion":"2.2.0","sienaVersion":"20201207T094559Z-3.20113.29.0","primaryDeviceWidth":"1366","primaryDeviceHeight":"768","deviceCapabilities":"","supportsPortrait":"false","supportsLandscape":"true","primaryFormFactor":"Tablet","publisherVersion":"3.20113.29","hasComponent":"false","hasUnlockedComponent":"false","isUnifiedRootApp":"false"},"properties":{"appVersion":"2020-12-07T09:45:59Z","lifeCycleId":"Published","createdByClientVersion":{"major":3,"minor":20113,"build":29,"revision":0,"majorRevision":0,"minorRevision":0},"minClientVersion":{"major":3,"minor":20113,"build":29,"revision":0,"majorRevision":0,"minorRevision":0},"backgroundColor":"rgba(0, 176, 240, 1)","backgroundImageUri":"/15224540097919701965/Ndf6609fa-b65e-47c3-9d8d-ba1ae51616ef-logoSmallFile","displayName":"My Day Today","description":"Displays a combination of your calendar appointments for the day, as well as tasks due today - updated every 5 minutes.\nAlso includes a 25-minute Pomodoro timer that uses Focus Time in MyAnalytics to set your Microsoft Teams presence and your Windows 10 notifications.","commitMessage":"Created sorting order for calendar appointments.","appUris":{"documentUri":{"value":"/15224540097919701965/N41b2cb34-4064-4454-8968-ee5cf7f2c6e5-document.msapp"},"imageUris":[]},"createdTime":"0001-01-01T00:00:00Z","lastModifiedTime":"0001-01-01T00:00:00Z","sharedGroupsCount":0,"sharedUsersCount":0,"icons":{"smallIconUri":"/15224540097919701965/N485d12fd-b446-4f40-956a-daae07ea9049-small.png","mediumIconUri":"/15224540097919701965/N04ea2ed9-fedd-4288-aec3-975e3730ff4f-medium.png","largeIconUri":"/15224540097919701965/N9d90ad7f-5502-4c16-a1dd-b245052f28b7-large.png","wideIconUri":"/15224540097919701965/N768414f9-8707-49dc-aa33-90ea2c0021b3-wide.png"},"connectionReferences":{"7e0456f3-4d0a-4109-a213-a36b81eedb19":{"id":"5eb9c714-1563-4b82-aac8-f33d73309fd4","displayName":"Office 365 Outlook","iconUri":"https://connectoricons-prod.azureedge.net/releases/v1.0.1411/1.0.1411.2206/office365/icon.png","dataSources":["Office365"],"dependencies":[],"dependents":[],"parameterHints":{},"isOnPremiseConnection":false,"bypassConsent":false,"dataSets":{},"apiTier":"Standard","isCustomApiConnection":false,"actions":["CalendarGetTables","GetEventsCalendarViewV2"]},"e3995831-d68c-40e4-88a3-3bb534077dcb":{"id":"ef718284-1293-4ea7-9213-bdbcf656238b","displayName":"Outlook Tasks","iconUri":"https://connectoricons-prod.azureedge.net/releases/v1.0.1402/1.0.1402.2163/outlooktasks/icon.png","dataSources":["OutlookTasks"],"dependencies":[],"dependents":[],"parameterHints":{},"isOnPremiseConnection":false,"bypassConsent":false,"dataSets":{},"apiTier":"Standard","isCustomApiConnection":false,"actions":["GetAllTasks"]},"4fd13709-5953-4430-a0f3-7d3d5b7a6cfc":{"id":"358e9925-913d-48c5-b7ab-672b2e1ef649","displayName":"RSS","iconUri":"https://connectoricons-prod.azureedge.net/releases/v1.0.1416/1.0.1416.2233/rss/icon.png","dataSources":["RSS"],"dependencies":[],"dependents":[],"parameterHints":{},"isOnPremiseConnection":false,"bypassConsent":false,"dataSets":{},"apiTier":"Standard","isCustomApiConnection":false,"actions":["ListFeedItems"]},"8cebeb0c-cd18-4e37-a03b-b6b7404eefca":{"id":"9a07abdb-46a5-4bdf-b019-c81885b03cf5","displayName":"Logic flows","iconUri":"https://resourcestackdeploy.blob.core.windows.net/scripts/13276078.png","dataSources":["RescheduleFocusTimeCalendarEvent"],"dependencies":["739ba1d3-b6be-4bc3-bc37-215a3fd761b5"],"dependents":[],"parameterHints":{"workflowName":{"value":"c767aa1f-82c8-44f0-b79e-2a1845a7da83"},"739ba1d3-b6be-4bc3-bc37-215a3fd761b5":{"value":"shared_office365"}},"isOnPremiseConnection":false,"bypassConsent":false,"dataSets":{},"apiTier":"Standard","isCustomApiConnection":false,"actions":["Run"]},"739ba1d3-b6be-4bc3-bc37-215a3fd761b5":{"id":"5eb9c714-1563-4b82-aac8-f33d73309fd4","displayName":"Office 365 Outlook","iconUri":"https://connectoricons-prod.azureedge.net/releases/v1.0.1411/1.0.1411.2206/office365/icon.png","dataSources":[],"dependencies":[],"dependents":["8cebeb0c-cd18-4e37-a03b-b6b7404eefca","8d382649-40c5-461d-ad55-5af7bcb9c1b1"],"parameterHints":{},"isOnPremiseConnection":false,"bypassConsent":false,"dataSets":{},"apiTier":"Standard","isCustomApiConnection":false},"8d382649-40c5-461d-ad55-5af7bcb9c1b1":{"id":"9a07abdb-46a5-4bdf-b019-c81885b03cf5","displayName":"Logic flows","iconUri":"https://resourcestackdeploy.blob.core.windows.net/scripts/13276078.png","dataSources":["CancelFocusTimeCalendarEvent"],"dependencies":["739ba1d3-b6be-4bc3-bc37-215a3fd761b5"],"dependents":[],"parameterHints":{"workflowName":{"value":"8e5213c8-8bb1-4116-90b4-17a6919f046b"},"739ba1d3-b6be-4bc3-bc37-215a3fd761b5":{"value":"shared_office365"}},"isOnPremiseConnection":false,"bypassConsent":false,"dataSets":{},"apiTier":"Standard","isCustomApiConnection":false,"actions":["Run"]}},"databaseReferences":{},"almMode":"Environment","performanceOptimizationEnabled":false,"executionRestrictions":{"isTeamsOnly":false,"dataLossPreventionEvaluationResult":{"status":"Compliant","lastEvaluationDate":"2020-10-19T22:34:05.1259229Z","violationDetails":[]}}},"isAppComponentLibrary":false,"appType":"ClassicCanvasApp","appComponents":[]}}